{"RuleTriggered": 0, "Violations": 0, "Details": {"ratio": {"cpu_functions": 100.0}, "phase": {"Step:ModeKeys.GLOBAL": 113.0521851165756, "others": -13.05218511657559}, "phase_time": {}, "general": {"DataLoaderIterInitialize": 0.006287006005148893, "Forward": 99.98469655864606, "DataLoaderIter": 0.009016435348790902}, "CPU": {"dropout": 3.578329864076323, "matmul": 10.187634182509381, "mm": 25.883271118242103, "NativeLayerNormBackward": 7.337682517498169, "native_layer_norm_backward": 7.335901112108082, "MmBackward": 17.114577860078235, "GeluBackward": 14.281505002403991, "gelu_backward": 14.281098343083718}, "CPU_total": {"dropout": 10242421, "matmul": 29160542, "mm": 74086898, "NativeLayerNormBackward": 21002992, "native_layer_norm_backward": 20997893, "MmBackward": 48987857, "GeluBackward": 40878620, "gelu_backward": 40877456}}, "Datapoints": 0, "RuleParameters": ""}